<?xml version="1.0" encoding="UTF-8"?>
<project-private xmlns="http://www.netbeans.org/ns/project-private/1">
    <editor-bookmarks xmlns="http://www.netbeans.org/ns/editor-bookmarks/2" lastBookmarkId="0"/>
    <open-files xmlns="http://www.netbeans.org/ns/projectui-open-files/2">
        <group>
            <file>file:/C:/xampp/htdocs/simetro/aplicacao/view/prod/usuario.php</file>
            <file>file:/C:/xampp/htdocs/simetro/aplicacao/controller/usuario.php</file>
            <file>file:/C:/xampp/htdocs/simetro/aplicacao/view/prod/bin.php</file>
            <file>file:/C:/xampp/htdocs/simetro/aplicacao/view/templates/header.php</file>
            <file>file:/C:/xampp/htdocs/simetro/aplicacao/controller/inicio.php</file>
            <file>file:/C:/xampp/htdocs/simetro/aplicacao/view/prod/index.php</file>
            <file>file:/C:/xampp/htdocs/simetro/aplicacao/view/prod/Pages/tables_dynamic.html</file>
            <file>file:/C:/xampp/htdocs/simetro/aplicacao/view/prod/usuario_bin.php</file>
            <file>file:/C:/xampp/htdocs/simetro/aplicacao/view/prod/formulario.php</file>
        </group>
    </open-files>
</project-private>
